Model_Name,ROUGE_rouge1,ROUGE_rouge2,ROUGE_rougeL,ROUGE_rougeLsum,BERTScore_F1,Exact_Match,Accuracy,Inference_Time(s),Model_Size(GB),Peak_GPU_Memory(GB)
Qwen_Qwen3-4B-Instruct-2507,0.17,0.0,0.17,0.17,0.9576029801368712,0.17,0.17,305.39,4.11,3.75
Qwen_Qwen3-1.7B,0.17,0.0,0.17,0.17,0.9576029801368712,0.17,0.17,180.4,1.89,3.75
Qwen_Qwen2.5-1.5B-Instruct,0.17,0.0,0.17,0.17,0.9576029801368712,0.17,0.17,169.88,1.66,2.14
Qwen_Qwen2.5-7B-Instruct,0.17,0.0,0.17,0.17,0.9576029801368712,0.17,0.17,334.67,8.11,7.46
openai-community_gpt2-medium,0.17,0.0,0.17,0.17,0.9576029801368712,0.17,0.17,75.17,0.38,1.3
openai-community_gpt2-xl,0.17,0.0,0.17,0.17,0.9576029801368712,0.17,0.17,195.19,1.53,2.98
meta-llama_Llama-3.2-1B-Instruct,0.17,0.0,0.17,0.17,0.9576029801368712,0.17,0.17,117.86,1.4,2.01
meta-llama_Llama-2-7b-hf,0.17,0.0,0.17,0.17,0.9576029801368712,0.17,0.17,307.73,6.52,6.27
