Model_Name,ROUGE_rouge1,ROUGE_rouge2,ROUGE_rougeL,ROUGE_rougeLsum,BERTScore_F1,Exact_Match,Accuracy,Inference_Time(s),Model_Size(GB),Peak_GPU_Memory(GB)
Qwen_Qwen3-4B-Instruct-2507,0.0388279991398748,0.0009329140461215,0.0388741862060656,0.0390029230806304,0.7770039838552475,0.03,0.03,61.23,7.49,9.11
Qwen_Qwen3-1.7B,0.0385532310698949,0.0009329140461215,0.0386133257587281,0.0387372566911615,0.7774633210897446,0.02,0.02,45.74,3.2,9.11
Qwen_Qwen2.5-1.5B-Instruct,0.038628761446882,0.0009329140461215,0.0385368110686947,0.0385364705013187,0.777458199262619,0.02,0.02,40.09,2.88,4.49
Qwen_Qwen2.5-7B-Instruct,0.038628761446882,0.0009329140461215,0.0385368110686947,0.0385364705013187,0.7769926434755325,0.02,0.02,472.64,14.19,13.92
openai-community_gpt2-medium,0.0442118077583226,0.0039454270512111,0.0428655273741079,0.0431220945512655,0.7778466802835464,0.02,0.02,22.38,0.66,5.56
openai-community_gpt2-xl,0.0442118077583226,0.0039454270512111,0.0427051526859496,0.042979254541441,0.7777539807558059,0.02,0.02,150.03,2.9,5.56
meta-llama_Llama-3.2-1B-Instruct,0.0386449445009367,0.0009329140461215,0.0386265877660264,0.0385992113867537,0.7774691349267959,0.02,0.02,24.75,2.3,3.92
meta-llama_Llama-2-7b-hf,0.0440875042908254,0.0039298776554366,0.0427732061035081,0.0433553608457725,0.7777933913469315,0.02,0.02,573.41,6.52,6.51
